series,real_fraction,mean_final,sd_final,n_seeds
Extended: conditional diversity,0.0,0.819,0.0217,3
Extended: conditional diversity,0.1,0.858,0.0181,3
Extended: conditional diversity,0.25,0.8614,0.0263,3
Extended: conditional diversity,0.5,0.898,0.0315,3
Extended: conditional diversity,1.0,0.897,0.0176,3
Extended: induction strength,0.0,0.9593,0.0091,3
Extended: induction strength,0.1,0.9654,0.0126,3
Extended: induction strength,0.25,0.9694,0.0045,3
Extended: induction strength,0.5,0.955,0.0067,3
Extended: induction strength,1.0,0.9375,0.0065,3
Base: induction (control),0.0,0.9577,0.0074,3
Base: induction (control),0.1,0.9574,0.0093,3
Base: induction (control),0.25,0.9601,0.0138,3
Base: induction (control),0.5,0.8425,0.1133,3
Base: induction (control),1.0,0.9423,0.0161,3
Extended: off-context mass,0.0,0.0521,0.0049,3
Extended: off-context mass,0.1,0.0439,0.0032,3
Extended: off-context mass,0.25,0.0311,0.0025,3
Extended: off-context mass,0.5,0.0218,0.0025,3
Extended: off-context mass,1.0,0.0117,0.0011,3

metric,real_fraction,generation,mean,sd,n_not_converged
extended:cond_diversity,0.0,0,0.9941,0.0002,0
extended:cond_diversity,0.0,1,0.9114,0.016,0
extended:cond_diversity,0.0,2,0.8671,0.0384,0
extended:cond_diversity,0.0,3,0.8603,0.0455,0
extended:cond_diversity,0.0,4,0.866,0.0235,0
extended:cond_diversity,0.0,5,0.819,0.0217,0
extended:cond_diversity,0.1,0,0.9941,0.0002,0
extended:cond_diversity,0.1,1,0.9354,0.0109,0
extended:cond_diversity,0.1,2,0.8741,0.0231,0
extended:cond_diversity,0.1,3,0.8898,0.0364,0
extended:cond_diversity,0.1,4,0.8903,0.0239,0
extended:cond_diversity,0.1,5,0.858,0.0181,0
extended:cond_diversity,0.25,0,0.9941,0.0002,0
extended:cond_diversity,0.25,1,0.9123,0.0202,0
extended:cond_diversity,0.25,2,0.8763,0.0151,0
extended:cond_diversity,0.25,3,0.8697,0.0197,0
extended:cond_diversity,0.25,4,0.8869,0.0217,0
extended:cond_diversity,0.25,5,0.8614,0.0263,0
extended:cond_diversity,0.5,0,0.9941,0.0002,0
extended:cond_diversity,0.5,1,0.913,0.0303,0
extended:cond_diversity,0.5,2,0.881,0.0145,0
extended:cond_diversity,0.5,3,0.9008,0.0332,0
extended:cond_diversity,0.5,4,0.9147,0.0276,0
extended:cond_diversity,0.5,5,0.898,0.0315,0
extended:cond_diversity,1.0,0,0.9941,0.0002,0
extended:cond_diversity,1.0,1,0.9041,0.0212,0
extended:cond_diversity,1.0,2,0.8926,0.0208,0
extended:cond_diversity,1.0,3,0.9044,0.0255,0
extended:cond_diversity,1.0,4,0.9215,0.0201,0
extended:cond_diversity,1.0,5,0.897,0.0176,0
extended:slot_entropy,0.0,0,0.9992,0.0007,0
extended:slot_entropy,0.0,1,0.9992,0.0003,0
extended:slot_entropy,0.0,2,0.9998,0.0001,0
extended:slot_entropy,0.0,3,0.9994,0.0003,0
extended:slot_entropy,0.0,4,0.9986,0.0004,0
extended:slot_entropy,0.0,5,0.9987,0.0002,0
extended:slot_entropy,0.1,0,0.9992,0.0007,0
extended:slot_entropy,0.1,1,0.9983,0.001,0
extended:slot_entropy,0.1,2,0.9993,0.0002,0
extended:slot_entropy,0.1,3,0.9979,0.0027,0
extended:slot_entropy,0.1,4,0.9983,0.0011,0
extended:slot_entropy,0.1,5,0.9981,0.0018,0
extended:slot_entropy,0.25,0,0.9992,0.0007,0
extended:slot_entropy,0.25,1,0.9983,0.0007,0
extended:slot_entropy,0.25,2,0.9989,0.0004,0
extended:slot_entropy,0.25,3,0.9987,0.0002,0
extended:slot_entropy,0.25,4,0.9974,0.0016,0
extended:slot_entropy,0.25,5,0.9987,0.0009,0
extended:slot_entropy,0.5,0,0.9992,0.0007,0
extended:slot_entropy,0.5,1,0.999,0.0006,0
extended:slot_entropy,0.5,2,0.999,0.0002,0
extended:slot_entropy,0.5,3,0.9987,0.0007,0
extended:slot_entropy,0.5,4,0.9983,0.0011,0
extended:slot_entropy,0.5,5,0.9983,0.0007,0
extended:slot_entropy,1.0,0,0.9992,0.0007,0
extended:slot_entropy,1.0,1,0.9991,0.0003,0
extended:slot_entropy,1.0,2,0.9988,0.0007,0
extended:slot_entropy,1.0,3,0.9982,0.0015,0
extended:slot_entropy,1.0,4,0.9991,0.0001,0
extended:slot_entropy,1.0,5,0.9987,0.0006,0
extended:induction_best,0.0,0,0.9302,0.0146,0
extended:induction_best,0.0,1,0.9347,0.0125,0
extended:induction_best,0.0,2,0.9607,0.0111,0
extended:induction_best,0.0,3,0.9683,0.0045,0
extended:induction_best,0.0,4,0.9667,0.0132,0
extended:induction_best,0.0,5,0.9593,0.0091,0
extended:induction_best,0.1,0,0.9302,0.0146,0
extended:induction_best,0.1,1,0.9283,0.011,0
extended:induction_best,0.1,2,0.9756,0.0079,0
extended:induction_best,0.1,3,0.8668,0.1174,0
extended:induction_best,0.1,4,0.9599,0.0105,0
extended:induction_best,0.1,5,0.9654,0.0126,0
extended:induction_best,0.25,0,0.9302,0.0146,0
extended:induction_best,0.25,1,0.7215,0.3118,0
extended:induction_best,0.25,2,0.9714,0.0041,0
extended:induction_best,0.25,3,0.9671,0.005,0
extended:induction_best,0.25,4,0.9459,0.0279,0
extended:induction_best,0.25,5,0.9694,0.0045,0
extended:induction_best,0.5,0,0.9302,0.0146,0
extended:induction_best,0.5,1,0.6787,0.3688,0
extended:induction_best,0.5,2,0.9386,0.0237,0
extended:induction_best,0.5,3,0.955,0.0115,0
extended:induction_best,0.5,4,0.9379,0.0164,0
extended:induction_best,0.5,5,0.955,0.0067,0
extended:induction_best,1.0,0,0.9302,0.0146,0
extended:induction_best,1.0,1,0.7745,0.217,0
extended:induction_best,1.0,2,0.9531,0.007,0
extended:induction_best,1.0,3,0.9381,0.0025,0
extended:induction_best,1.0,4,0.9413,0.0158,0
extended:induction_best,1.0,5,0.9375,0.0065,0
extended:causal_drop,0.0,0,0.6458,0.1046,0
extended:causal_drop,0.0,1,0.8322,0.0707,0
extended:causal_drop,0.0,2,0.8188,0.1405,0
extended:causal_drop,0.0,3,0.835,0.1371,0
extended:causal_drop,0.0,4,0.7871,0.0263,0
extended:causal_drop,0.0,5,0.8376,0.1108,0
extended:causal_drop,0.1,0,0.6458,0.1046,0
extended:causal_drop,0.1,1,0.7821,0.0754,0
extended:causal_drop,0.1,2,0.8879,0.0786,0
extended:causal_drop,0.1,3,0.7571,0.1729,0
extended:causal_drop,0.1,4,0.8586,0.0264,0
extended:causal_drop,0.1,5,0.7747,0.156,0
extended:causal_drop,0.25,0,0.6458,0.1046,0
extended:causal_drop,0.25,1,0.5707,0.4064,0
extended:causal_drop,0.25,2,0.8616,0.1057,0
extended:causal_drop,0.25,3,0.8381,0.0748,0
extended:causal_drop,0.25,4,0.8505,0.1153,0
extended:causal_drop,0.25,5,0.8341,0.0748,0
extended:causal_drop,0.5,0,0.6458,0.1046,0
extended:causal_drop,0.5,1,0.5859,0.4143,0
extended:causal_drop,0.5,2,0.8757,0.1733,0
extended:causal_drop,0.5,3,0.7324,0.1539,0
extended:causal_drop,0.5,4,0.8013,0.1522,0
extended:causal_drop,0.5,5,0.8249,0.1123,0
extended:causal_drop,1.0,0,0.6458,0.1046,0
extended:causal_drop,1.0,1,0.6768,0.2649,0
extended:causal_drop,1.0,2,0.8697,0.148,0
extended:causal_drop,1.0,3,0.9313,0.0684,0
extended:causal_drop,1.0,4,0.6764,0.1097,0
extended:causal_drop,1.0,5,0.7969,0.0316,0
extended:off_context,0.0,0,0.0121,0.0003,0
extended:off_context,0.0,1,0.0199,0.0018,0
extended:off_context,0.0,2,0.0283,0.0018,0
extended:off_context,0.0,3,0.0368,0.0046,0
extended:off_context,0.0,4,0.0452,0.0048,0
extended:off_context,0.0,5,0.0521,0.0049,0
extended:off_context,0.1,0,0.0121,0.0003,0
extended:off_context,0.1,1,0.0215,0.0001,0
extended:off_context,0.1,2,0.0292,0.0017,0
extended:off_context,0.1,3,0.0359,0.0031,0
extended:off_context,0.1,4,0.0394,0.0035,0
extended:off_context,0.1,5,0.0439,0.0032,0
extended:off_context,0.25,0,0.0121,0.0003,0
extended:off_context,0.25,1,0.0192,0.0009,0
extended:off_context,0.25,2,0.0241,0.0011,0
extended:off_context,0.25,3,0.0277,0.0012,0
extended:off_context,0.25,4,0.0301,0.0033,0
extended:off_context,0.25,5,0.0311,0.0025,0
extended:off_context,0.5,0,0.0121,0.0003,0
extended:off_context,0.5,1,0.0162,0.002,0
extended:off_context,0.5,2,0.0174,0.0008,0
extended:off_context,0.5,3,0.0198,0.0014,0
extended:off_context,0.5,4,0.0213,0.0018,0
extended:off_context,0.5,5,0.0218,0.0025,0
extended:off_context,1.0,0,0.0121,0.0003,0
extended:off_context,1.0,1,0.0108,0.0011,0
extended:off_context,1.0,2,0.0114,0.0007,0
extended:off_context,1.0,3,0.0117,0.0008,0
extended:off_context,1.0,4,0.0118,0.0003,0
extended:off_context,1.0,5,0.0117,0.0011,0
extended:query_acc_all,0.0,0,1.0,0.0,0
extended:query_acc_all,0.0,1,0.9999,0.0001,0
extended:query_acc_all,0.0,2,0.9998,0.0002,0
extended:query_acc_all,0.0,3,0.9999,0.0001,0
extended:query_acc_all,0.0,4,0.9998,0.0002,0
extended:query_acc_all,0.0,5,0.9999,0.0001,0
extended:query_acc_all,0.1,0,1.0,0.0,0
extended:query_acc_all,0.1,1,0.9999,0.0001,0
extended:query_acc_all,0.1,2,0.9998,0.0002,0
extended:query_acc_all,0.1,3,0.9997,0.0002,0
extended:query_acc_all,0.1,4,0.9999,0.0001,0
extended:query_acc_all,0.1,5,0.9999,0.0001,0
extended:query_acc_all,0.25,0,1.0,0.0,0
extended:query_acc_all,0.25,1,0.9995,0.0007,0
extended:query_acc_all,0.25,2,0.9997,0.0003,0
extended:query_acc_all,0.25,3,0.9998,0.0002,0
extended:query_acc_all,0.25,4,0.9996,0.0002,0
extended:query_acc_all,0.25,5,0.9999,0.0001,0
extended:query_acc_all,0.5,0,1.0,0.0,0
extended:query_acc_all,0.5,1,0.9996,0.0004,0
extended:query_acc_all,0.5,2,0.9999,0.0001,0
extended:query_acc_all,0.5,3,1.0,0.0,0
extended:query_acc_all,0.5,4,0.9998,0.0001,0
extended:query_acc_all,0.5,5,1.0,0.0,0
extended:query_acc_all,1.0,0,1.0,0.0,0
extended:query_acc_all,1.0,1,0.9999,0.0001,0
extended:query_acc_all,1.0,2,0.9998,0.0002,0
extended:query_acc_all,1.0,3,0.9999,0.0001,0
extended:query_acc_all,1.0,4,1.0,0.0,0
extended:query_acc_all,1.0,5,0.9998,0.0002,0
extended:pool_label_correct,0.0,0,1.0,0.0,0
extended:pool_label_correct,0.0,1,0.9996,0.0001,0
extended:pool_label_correct,0.0,2,0.9989,0.0002,0
extended:pool_label_correct,0.0,3,0.9983,0.0003,0
extended:pool_label_correct,0.0,4,0.9975,0.0004,0
extended:pool_label_correct,0.0,5,0.9969,0.0004,0
extended:pool_label_correct,0.1,0,1.0,0.0,0
extended:pool_label_correct,0.1,1,0.9997,0.0001,0
extended:pool_label_correct,0.1,2,0.9989,0.0002,0
extended:pool_label_correct,0.1,3,0.9986,0.0,0
extended:pool_label_correct,0.1,4,0.9975,0.0003,0
extended:pool_label_correct,0.1,5,0.997,0.0007,0
extended:pool_label_correct,0.25,0,1.0,0.0,0
extended:pool_label_correct,0.25,1,0.9997,0.0,0
extended:pool_label_correct,0.25,2,0.999,0.0004,0
extended:pool_label_correct,0.25,3,0.9987,0.0005,0
extended:pool_label_correct,0.25,4,0.9983,0.0006,0
extended:pool_label_correct,0.25,5,0.9983,0.0003,0
extended:pool_label_correct,0.5,0,1.0,0.0,0
extended:pool_label_correct,0.5,1,0.9998,0.0001,0
extended:pool_label_correct,0.5,2,0.999,0.0009,0
extended:pool_label_correct,0.5,3,0.9992,0.0004,0
extended:pool_label_correct,0.5,4,0.9993,0.0002,0
extended:pool_label_correct,0.5,5,0.9993,0.0001,0
extended:pool_label_correct,1.0,0,1.0,0.0,0
extended:pool_label_correct,1.0,1,1.0,0.0,0
extended:pool_label_correct,1.0,2,1.0,0.0,0
extended:pool_label_correct,1.0,3,1.0,0.0,0
extended:pool_label_correct,1.0,4,1.0,0.0,0
extended:pool_label_correct,1.0,5,1.0,0.0,0
base:induction_best,0.0,0,0.9482,0.0141,0
base:induction_best,0.0,1,0.9732,0.0032,0
base:induction_best,0.0,2,0.9662,0.0051,0
base:induction_best,0.0,3,0.9557,0.0308,0
base:induction_best,0.0,4,0.9488,0.0299,0
base:induction_best,0.0,5,0.9577,0.0074,0
base:induction_best,0.1,0,0.9482,0.0141,0
base:induction_best,0.1,1,0.9544,0.0263,0
base:induction_best,0.1,2,0.9599,0.0075,0
base:induction_best,0.1,3,0.9607,0.0043,0
base:induction_best,0.1,4,0.9439,0.0162,0
base:induction_best,0.1,5,0.9574,0.0093,0
base:induction_best,0.25,0,0.9482,0.0141,0
base:induction_best,0.25,1,0.9109,0.0723,0
base:induction_best,0.25,2,0.9418,0.053,0
base:induction_best,0.25,3,0.9461,0.0202,0
base:induction_best,0.25,4,0.9677,0.0124,0
base:induction_best,0.25,5,0.9601,0.0138,0
base:induction_best,0.5,0,0.9482,0.0141,0
base:induction_best,0.5,1,0.9551,0.0343,0
base:induction_best,0.5,2,0.9565,0.0092,0
base:induction_best,0.5,3,0.9433,0.0201,0
base:induction_best,0.5,4,0.8645,0.1415,0
base:induction_best,0.5,5,0.8425,0.1133,0
base:induction_best,1.0,0,0.9482,0.0141,0
base:induction_best,1.0,1,0.9671,0.0033,0
base:induction_best,1.0,2,0.9627,0.0024,0
base:induction_best,1.0,3,0.8864,0.1189,0
base:induction_best,1.0,4,0.9377,0.0336,0
base:induction_best,1.0,5,0.9423,0.0161,0
base:causal_drop,0.0,0,0.8177,0.0708,0
base:causal_drop,0.0,1,0.846,0.0404,0
base:causal_drop,0.0,2,0.8527,0.085,0
base:causal_drop,0.0,3,0.9266,0.0377,0
base:causal_drop,0.0,4,0.8061,0.1351,0
base:causal_drop,0.0,5,0.7626,0.0134,0
base:causal_drop,0.1,0,0.8177,0.0708,0
base:causal_drop,0.1,1,0.8636,0.0071,0
base:causal_drop,0.1,2,0.9465,0.035,0
base:causal_drop,0.1,3,0.9408,0.0406,0
base:causal_drop,0.1,4,0.8963,0.0556,0
base:causal_drop,0.1,5,0.8223,0.0465,0
base:causal_drop,0.25,0,0.8177,0.0708,0
base:causal_drop,0.25,1,0.8907,0.0474,0
base:causal_drop,0.25,2,0.8663,0.0879,0
base:causal_drop,0.25,3,0.8188,0.0806,0
base:causal_drop,0.25,4,0.8661,0.0988,0
base:causal_drop,0.25,5,0.8193,0.1114,0
base:causal_drop,0.5,0,0.8177,0.0708,0
base:causal_drop,0.5,1,0.8528,0.0362,0
base:causal_drop,0.5,2,0.9736,0.018,0
base:causal_drop,0.5,3,0.8891,0.0658,0
base:causal_drop,0.5,4,0.7437,0.2457,0
base:causal_drop,0.5,5,0.6812,0.1846,0
base:causal_drop,1.0,0,0.8177,0.0708,0
base:causal_drop,1.0,1,0.8744,0.0426,0
base:causal_drop,1.0,2,0.8678,0.0194,0
base:causal_drop,1.0,3,0.8221,0.1915,0
base:causal_drop,1.0,4,0.7807,0.1524,0
base:causal_drop,1.0,5,0.6479,0.0574,0
base:query_acc_all,0.0,0,1.0,0.0,0
base:query_acc_all,0.0,1,1.0,0.0,0
base:query_acc_all,0.0,2,1.0,0.0,0
base:query_acc_all,0.0,3,1.0,0.0,0
base:query_acc_all,0.0,4,1.0,0.0,0
base:query_acc_all,0.0,5,0.9999,0.0001,0
base:query_acc_all,0.1,0,1.0,0.0,0
base:query_acc_all,0.1,1,1.0,0.0,0
base:query_acc_all,0.1,2,1.0,0.0,0
base:query_acc_all,0.1,3,1.0,0.0,0
base:query_acc_all,0.1,4,1.0,0.0,0
base:query_acc_all,0.1,5,1.0,0.0,0
base:query_acc_all,0.25,0,1.0,0.0,0
base:query_acc_all,0.25,1,0.9981,0.0026,0
base:query_acc_all,0.25,2,0.9982,0.0025,0
base:query_acc_all,0.25,3,0.9983,0.0024,0
base:query_acc_all,0.25,4,0.9997,0.0005,0
base:query_acc_all,0.25,5,0.9995,0.0005,0
base:query_acc_all,0.5,0,1.0,0.0,0
base:query_acc_all,0.5,1,1.0,0.0,0
base:query_acc_all,0.5,2,1.0,0.0,0
base:query_acc_all,0.5,3,1.0,0.0,0
base:query_acc_all,0.5,4,0.9859,0.0199,0
base:query_acc_all,0.5,5,0.9967,0.0034,0
base:query_acc_all,1.0,0,1.0,0.0,0
base:query_acc_all,1.0,1,1.0,0.0,0
base:query_acc_all,1.0,2,1.0,0.0,0
base:query_acc_all,1.0,3,0.9883,0.0166,0
base:query_acc_all,1.0,4,0.9998,0.0002,0
base:query_acc_all,1.0,5,1.0,0.0,0
base:pool_label_correct,0.0,0,1.0,0.0,0
base:pool_label_correct,0.0,1,0.9998,0.0001,0
base:pool_label_correct,0.0,2,0.9996,0.0001,0
base:pool_label_correct,0.0,3,0.9995,0.0001,0
base:pool_label_correct,0.0,4,0.999,0.0005,0
base:pool_label_correct,0.0,5,0.9988,0.0006,0
base:pool_label_correct,0.1,0,1.0,0.0,0
base:pool_label_correct,0.1,1,0.9998,0.0001,0
base:pool_label_correct,0.1,2,0.9997,0.0001,0
base:pool_label_correct,0.1,3,0.9995,0.0001,0
base:pool_label_correct,0.1,4,0.9995,0.0002,0
base:pool_label_correct,0.1,5,0.9993,0.0002,0
base:pool_label_correct,0.25,0,1.0,0.0,0
base:pool_label_correct,0.25,1,0.9998,0.0001,0
base:pool_label_correct,0.25,2,0.9921,0.0108,0
base:pool_label_correct,0.25,3,0.994,0.008,0
base:pool_label_correct,0.25,4,0.9955,0.0058,0
base:pool_label_correct,0.25,5,0.9965,0.0042,0
base:pool_label_correct,0.5,0,1.0,0.0,0
base:pool_label_correct,0.5,1,0.9999,0.0001,0
base:pool_label_correct,0.5,2,0.9999,0.0,0
base:pool_label_correct,0.5,3,0.9999,0.0,0
base:pool_label_correct,0.5,4,0.9998,0.0001,0
base:pool_label_correct,0.5,5,0.9804,0.0275,0
base:pool_label_correct,1.0,0,1.0,0.0,0
base:pool_label_correct,1.0,1,1.0,0.0,0
base:pool_label_correct,1.0,2,1.0,0.0,0
base:pool_label_correct,1.0,3,1.0,0.0,0
base:pool_label_correct,1.0,4,1.0,0.0,0
base:pool_label_correct,1.0,5,1.0,0.0,0
